totalTimeinminsoFar, realtimeSinceStartup, Total Time Stopped, Total Distance Travelled, Avg Speed, Speed Limit, Total Serious Collision Count,Total Vehicle-Vehicle Collision Count,Total Non-Vehicle Collision Count, Non-Collision Destroyed, No. Of Stops Passed Through, Avg Time in speed0-5mph,Avg Time in speed5-10mph,Avg Time in speed10-15mph,Avg Time in speed15-20mph, Avg Time in speed20-25mph, Avg Time in speed25-30mph, Avg Time in speed30-35mph
0.328,29.532, 0.3282812,5.080428, 0, 28.14436, 1,0,14,0,0,0.3282812, 0, 0,0, 0, 0, 0
0.5036666,40.07231, 0.5039552,3.503615, 0, 28.38492, 1,0,2,0,0,0.5039552, 0, 0,0, 0, 0, 0
0.7413333,54.33664, 0.7414379,0.6777832, 0, 24.84115, 1,0,2,0,0,0.7414379, 0, 0,0, 0, 0, 0
0.95,66.85817, 0.9501047,0.1554385, 0, 28.52317, 1,0,1,0,0,0.9501047, 0, 0,0, 0, 0, 0
1,69.86578, 1.000306,0.1490607, 5.982948E-06, 28.61888, 0,0,0,1,0,1.000306, 0, 0,0, 0, 0, 0
1,69.86781, 1.000306,0.1136518, 6.119516E-06, 29.63909, 0,0,0,1,0,1.000306, 0, 0,0, 0, 0, 0
1,69.86822, 1.000306,0.1027875, 6.119079E-06, 26.72273, 0,0,0,1,0,1.000306, 0, 0,0, 0, 0, 0
1,69.86845, 1.000306,0.1227699, 6.504367E-06, 25.23866, 0,0,0,1,0,1.000306, 0, 0,0, 0, 0, 0
1,69.86861, 1.000306,0.126904, 6.504739E-06, 27.91666, 0,0,0,1,0,1.000306, 0, 0,0, 0, 0, 0
1,69.8687, 1.000306,0.1371151, 6.123472E-06, 31.28531, 0,0,0,1,0,1.000306, 0, 0,0, 0, 0, 0
1,69.86879, 1.000306,0.1049756, 6.180691E-06, 27.3488, 0,0,0,1,0,1.000306, 0, 0,0, 0, 0, 0
1,69.86899, 1.000306,0.1366775, 6.504715E-06, 30.71871, 0,0,0,1,0,1.000306, 0, 0,0, 0, 0, 0
1,69.86913, 1.000306,0.1693478, 6.189814E-06, 24.81303, 0,0,0,1,0,1.000306, 0, 0,0, 0, 0, 0
1,69.86922, 1.000306,0.1652844, 1.213659E-05, 27.11281, 0,0,0,1,0,1.000306, 0, 0,0, 0, 0, 0
1,69.8694, 1.000306,0.2144983, 5.903116E-06, 26.89489, 0,0,0,1,0,1.000306, 0, 0,0, 0, 0, 0
1,69.86951, 1.000306,0.1407352, 1.157481E-05, 28.23255, 0,0,0,1,0,1.000306, 0, 0,0, 0, 0, 0
1,69.8696, 1.000306,0.1514391, 6.455996E-06, 27.53951, 0,0,0,1,0,1.000306, 0, 0,0, 0, 0, 0
1,69.86973, 1.000306,0.1558322, 5.903332E-06, 31.38757, 0,0,0,1,0,1.000306, 0, 0,0, 0, 0, 0
1,69.8698, 1.000306,0.1810943, 1.157658E-05, 27.33242, 0,0,0,1,0,1.000306, 0, 0,0, 0, 0, 0
1,69.8699, 1.000306,0.1547901, 6.455892E-06, 28.35152, 0,0,0,1,0,1.000306, 0, 0,0, 0, 0, 0
1,69.87007, 1.000306,0.1623521, 5.983031E-06, 25.25717, 0,0,0,1,0,1.000306, 0, 0,0, 0, 0, 0
1,69.8702, 1.000306,0.11122, 6.121827E-06, 28.65045, 0,0,0,1,0,1.000306, 0, 0,0, 0, 0, 0
1,69.87029, 1.000306,0.1815011, 1.213693E-05, 26.97432, 0,0,0,1,0,1.000306, 0, 0,0, 0, 0, 0
1,69.87039, 1.000306,0.162776, 6.456267E-06, 29.58938, 0,0,0,1,0,1.000306, 0, 0,0, 0, 0, 0
1,69.87048, 1.000306,0.166018, 1.157509E-05, 23.99101, 0,0,0,1,0,1.000306, 0, 0,0, 0, 0, 0
1,69.87143, 1.000306,0.1708158, 6.455933E-06, 27.75177, 0,0,0,1,0,1.000306, 0, 0,0, 0, 0, 0
1,69.8716, 1.000306,0.1173409, 6.630352E-06, 27.07625, 0,0,0,1,0,1.000306, 0, 0,0, 0, 0, 0
1.005,70.15882, 1.001487,0.2180986, 7.309929E-06, 25.92092, 0,0,0,1,0,1.005131, 0, 0,0, 0, 0, 0
1.010333,70.48203, 1.00059,0.5885106, 2.30359E-05, 31.41572, 0,0,0,1,0,1.009331, 0.001284863, 0,0, 0, 0, 0
1.010333,70.48278, 1.00059,0.6461816, 2.095868E-05, 22.14259, 0,0,0,1,0,1.010616, 0, 0,0, 0, 0, 0
1.013333,70.66178, 1.000399,0.9139493, 3.848707E-05, 29.25923, 0,0,0,1,0,1.009547, 0.004020834, 0,0, 0, 0, 0
1.016333,70.83847, 1.000503,0.7963349, 4.598685E-05, 34.42666, 0,0,0,1,0,1.016461, 0, 0,0, 0, 0, 0
1.019,71.01316, 0.5032032,184.9008, 0.02528122, 30.13978, 1,0,1,0,1,0.512832, 0.01387835, 0.03707032,0.05346918, 0.392649, 0.009355769, 0
1.021667,71.16302, 1.000276,2.297759, 0.0001364507, 29.92356, 0,0,0,1,0,1.007704, 0.01123568, 0.002989603,0, 0, 0, 0
1.022,71.18071, 1.000429,2.394611, 0.000137878, 27.08534, 0,0,0,1,0,1.007857, 0.01123568, 0.002989603,0, 0, 0, 0
1.022,71.18105, 1.000429,2.232439, 0.0001346467, 29.92356, 0,0,0,1,0,1.009009, 0.01044841, 0.002624419,0, 0, 0, 0
1.022667,71.21806, 1.001046,1.273006, 7.720313E-05, 27.22473, 0,0,0,1,0,1.019029, 0.003670546, 0,0, 0, 0, 0
1.023333,71.26367, 1.00042,2.708955, 0.0001478354, 33.51668, 0,0,0,1,0,1.007623, 0.01195869, 0.004035729,0, 0, 0, 0
1.023333,71.26406, 1.00042,2.369853, 0.0001324984, 30.39032, 0,0,0,1,0,1.011315, 0.01024225, 0.002060831,0, 0, 0, 0
1.025333,71.38579, 1.000452,2.763488, 0.0001472853, 33.41488, 0,0,0,1,0,1.009274, 0.01245978, 0.003926397,0, 0, 0, 0
1.032333,71.8018, 1.000528,3.574294, 0.0002330663, 31.43124, 0,0,0,1,0,1.011549, 0.01340583, 0.007662854,0, 0, 0, 0
1.032333,71.80247, 1.000528,2.456454, 0.0001604657, 23.79854, 0,0,0,1,0,1.018794, 0.01382373, 0,0, 0, 0, 0
1.032333,71.80265, 1.000528,4.432228, 0.0002687748, 25.98181, 0,0,0,1,0,1.008669, 0.0116071, 0.01234162,0, 0, 0, 0
1.032667,71.83105, 1.000402,4.543796, 0.000279743, 29.37705, 0,0,0,1,0,1.008886, 0.0111075, 0.01299735,0, 0, 0, 0
1.033,71.8437, 1.000258,4.683405, 0.0003065521, 27.11941, 0,0,0,1,0,1.009066, 0.01050209, 0.01335993,0.0003159063, 0, 0, 0
1.033,71.84432, 1.000258,4.675226, 0.0003022635, 26.91347, 0,0,0,1,0,1.008914, 0.01065454, 0.01367584,0, 0, 0, 0
1.034333,71.92403, 1.000544,4.863299, 0.0003376162, 25.68432, 0,0,0,1,0,1.009376, 0.01095786, 0.01432059,0, 0, 0, 0
1.034667,71.93762, 1.000175,5.061699, 0.0003508121, 29.49956, 0,0,0,1,0,1.009017, 0.01111254, 0.01271323,0.001951737, 0, 0, 0
1.035667,72.0007, 1.00049,5.18115, 0.0003882271, 25.84943, 0,0,0,1,0,1.008775, 0.01170513, 0.01323665,0.002216717, 0, 0, 0
1.037,72.08485, 1.000592,5.480232, 0.0004203044, 30.64284, 0,0,0,1,0,1.010128, 0.01056158, 0.01524367,0.001381656, 0, 0, 0
1.04,72.26689, 1.00041,6.267979, 0.0005220502, 30.78105, 0,0,0,1,0,1.009706, 0.01073432, 0.01472662,0.005023601, 0, 0, 0
1.064333,73.72039, 1.000313,12.24891, 0.001361646, 30.507, 0,0,0,1,0,1.012089, 0.0117296, 0.01853306,0.02224758, 0, 0, 0
1.067333,73.89993, 1.000257,14.64013, 0.001626461, 27.13397, 0,0,0,1,0,1.010615, 0.01164025, 0.01407237,0.02233623, 0.008858235, 0, 0
1.089,75.20094, 1.000333,23.65132, 0.002800689, 25.79899, 0,0,0,1,0,1.009948, 0.01129882, 0.01372119,0.01969937, 0.03460955, 0, 0
1.094,75.49763, 1.000252,17.68609, 0.002169695, 25.52581, 0,0,0,1,0,1.016131, 0.0211102, 0.02643433,0.03054639, 0, 0, 0
1.097667,75.72242, 1.000185,26.26754, 0.003156863, 29.60444, 0,0,0,1,0,1.009867, 0.01196471, 0.01596399,0.02002162, 0.03998333, 0, 0
1.112,76.5845, 1.000535,32.12303, 0.003863133, 32.25014, 0,0,0,1,0,1.010013, 0.01202927, 0.0145279,0.01924949, 0.05604648, 0.0004626195, 0
1.141667,78.36023, 1.001197,35.28604, 0.004074709, 28.10474, 0,2,0,1,0,1.015946, 0.02493999, 0.01953733,0.03433526, 0.04695649, 0, 0
1.144,78.49948, 1.000284,45.94065, 0.005530384, 33.32858, 0,0,0,1,0,1.009561, 0.01189897, 0.01398041,0.02028117, 0.07182708, 0.016687, 0
1.204667,82.13681, 1.000389,68.57443, 0.007954007, 23.92815, 0,0,0,1,0,1.00992, 0.01195099, 0.01444706,0.01959618, 0.1151444, 0.03381597, 0
1.219333,83.01981, 1.180135,6.309753, 0.0004394366, 31.995, 1,0,1,0,0,1.189685, 0.0112489, 0.01412813,0.004533594, 0, 0, 0
1.220667,83.10706, 1.000391,76.82363, 0.008834094, 26.63093, 0,0,0,1,0,1.009456, 0.01268511, 0.01409695,0.02030049, 0.1446348, 0.01980248, 0
1.223333,83.25784, 1.223466,0.5720761, 0, 23.39664, 1,0,3,0,0,1.223466, 0, 0,0, 0, 0, 0
1.224333,83.32358, 1.000341,77.87225, 0.008919773, 26.5352, 0,0,0,1,0,1.01039, 0.01216033, 0.01538779,0.018365, 0.1264114, 0.04194546, 0
1.232667,83.82341, 1.000408,81.60626, 0.009257412, 23.21726, 0,0,0,1,0,1.009868, 0.01213583, 0.01522811,0.01967084, 0.1490874, 0.02700041, 0
1.236,84.02102, 1.00036,81.12561, 0.009183939, 28.11468, 0,0,0,1,0,1.010203, 0.01263168, 0.01560974,0.02040195, 0.1622005, 0.01522954, 0
1.249,84.80032, 1.000407,85.72011, 0.009575524, 31.57842, 0,0,0,1,0,1.010719, 0.01229636, 0.01654951,0.0220125, 0.176012, 0.0116755, 0
1.343333,90.46346, 1.000333,127.7882, 0.01312236, 28.61797, 0,0,0,1,0,1.010558, 0.01199939, 0.01553189,0.0202191, 0.1922629, 0.09305669, 0
1.447333,96.69981, 1.000268,164.8738, 0.01583716, 30.85978, 0,0,0,1,0,1.010472, 0.01221597, 0.01436273,0.0201143, 0.3662578, 0.02417093, 0
1.459,97.40161, 1.000333,170.8257, 0.01627409, 30.66563, 0,0,0,1,1,1.009784, 0.01232386, 0.01513163,0.01851883, 0.355877, 0.04766169, 0
1.472,98.1778, 1.000143,180.879, 0.01705607, 27.53284, 0,0,0,1,0,1.009692, 0.01208563, 0.01432359,0.02091562, 0.2666151, 0.1485014, 0
1.483667,98.88058, 1.203473,86.90838, 0.008159515, 25.14918, 0,0,0,1,0,1.221026, 0.02398423, 0.02901186,0.04448904, 0.1499715, 0.01545092, 0
1.484333,98.92699, 1.000364,173.8207, 0.01635673, 25.03205, 0,0,0,1,0,1.016421, 0.01940982, 0.02527969,0.04011836, 0.306542, 0.07686259, 0
1.519333,101.0172, 1.496353,3.058409, 0.0001454738, 27.00988, 0,0,1,1,0,1.507248, 0.01024225, 0.002060831,0, 0, 0, 0
1.556333,103.2427, 1.20344,113.8111, 0.009685063, 25.1024, 0,0,0,1,0,1.221377, 0.02457279, 0.02959284,0.04083331, 0.2401987, 0, 0
1.571,104.1226, 1.120759,133.3977, 0.01146843, 24.64152, 0,0,0,1,0,1.152138, 0.03894389, 0.05508808,0.101294, 0.2060374, 0.01780885, 0
1.618333,106.9585, 1.489716,26.38543, 0.002131591, 27.87392, 0,2,1,1,0,1.508604, 0.0314878, 0.02602682,0.03897034, 0.01346605, 0, 0
1.644333,108.5227, 1.644634,0.6334548, 0, 31.49855, 1,0,2,0,0,1.644634, 0, 0,0, 0, 0, 0
1.665,109.7607, 1.665259,34.39596, 0, 27.7544, 1,0,4,0,0,1.665259, 0, 0,0, 0, 0, 0
1.674,110.3018, 1.67431,0.286454, 0, 27.93464, 1,0,1,0,0,1.67431, 0, 0,0, 0, 0, 0
1.738333,114.1615, 1.24991,150.9459, 0.01207401, 29.27915, 0,0,0,1,0,1.281411, 0.04227676, 0.05575065,0.08275191, 0.2347595, 0.04164987, 0
1.906,124.222, 1.276648,231.8657, 0.01643202, 29.04673, 0,0,0,1,0,1.294961, 0.0239532, 0.02970044,0.03955754, 0.3468773, 0.1712537, 0
2.019,131.0031, 1.504875,176.6428, 0.01235681, 32.07716, 0,2,0,1,0,1.52856, 0.02748603, 0.03266438,0.04987276, 0.3437551, 0.03698548, 0
2.031,131.719, 1.034602,373.6993, 0.02537473, 25.74398, 0,0,0,1,0,1.051472, 0.02368059, 0.02571431,0.01995051, 0.8229235, 0.08750753, 0
2.031333,131.7385, 1.229829,295.5681, 0.01984486, 32.4359, 0,0,0,1,0,1.245983, 0.02376643, 0.02798305,0.03691734, 0.5978696, 0.09906355, 0
2.031667,131.7604, 1.312869,254.9677, 0.01703358, 27.2825, 0,0,0,1,0,1.331203, 0.03575644, 0.04555063,0.04313217, 0.530175, 0.04609914, 0
2.041,132.3177, 1.7672,88.39148, 0.005960775, 29.42702, 0,0,1,1,0,1.786467, 0.02223495, 0.0275278,0.02313289, 0.1639585, 0.01790495, 0
2.069,134.0012, 1.773868,93.20744, 0.006359073, 26.57492, 0,0,0,1,0,1.791607, 0.02318444, 0.02769712,0.04169508, 0.1787395, 0.006373189, 0
2.078666,134.5794, 1.733188,104.8243, 0.007011145, 25.47066, 0,0,0,1,0,1.760247, 0.03558999, 0.04325559,0.04872238, 0.1642674, 0.02677132, 0
2.088333,135.1647, 1.736001,105.1771, 0.00702845, 28.84295, 0,0,0,1,0,1.762846, 0.03583134, 0.0421683,0.05877028, 0.1727626, 0.01627998, 0
2.089333,135.2204, 1.564457,150.7423, 0.01004314, 30.85729, 0,0,0,1,0,1.607652, 0.0607425, 0.07210085,0.07957204, 0.2642264, 0.005318583, 0
2.094333,135.5224, 1.767588,106.0398, 0.006973339, 25.97838, 0,0,0,1,0,1.789043, 0.02660587, 0.03593092,0.03590067, 0.1342392, 0.07292563, 0
2.098333,135.7626, 1.46819,188.4162, 0.01253959, 22.24452, 0,0,0,1,0,1.515605, 0.06106266, 0.09780802,0.07863774, 0.3455095, 0, 0
2.115667,136.8016, 1.77629,100.8877, 0.00630212, 30.25539, 0,0,0,1,0,1.803213, 0.03524764, 0.04312443,0.05612545, 0.1558822, 0.02236905, 0
2.132667,137.8267, 1.766447,126.5231, 0.008107151, 26.01187, 0,0,0,1,0,1.782423, 0.02347725, 0.02624291,0.01931864, 0.2512764, 0.03018698, 0
2.178333,140.5628, 1.000349,464.9258, 0.03009969, 26.80913, 0,0,0,1,0,1.008693, 0.01189093, 0.0146415,0.01989871, 0.7750378, 0.3484598, 0
2.204333,142.1276, 1.611234,204.9075, 0.01298791, 24.60267, 0,1,0,1,0,1.635241, 0.03235165, 0.04316865,0.05768027, 0.3876429, 0.04852817, 0
2.248667,144.7822, 1.74921,164.1359, 0.01021412, 26.14364, 0,0,0,1,0,1.77228, 0.03721469, 0.05457428,0.06594948, 0.2537783, 0.06499479, 0
2.271,146.1185, 1.643839,194.7633, 0.01197023, 22.75054, 0,0,1,1,0,1.689529, 0.06043448, 0.08573326,0.08299822, 0.3200344, 0.03252621, 0
2.299,147.8011, 1.873944,141.5462, 0.008465649, 24.4578, 0,4,0,1,0,1.902457, 0.02957344, 0.0355638,0.04769544, 0.2269495, 0.05706165, 0
2.390667,153.3008, 1.858434,181.5825, 0.01054244, 26.2374, 0,0,0,1,0,1.88492, 0.03370117, 0.04259543,0.04930813, 0.3241657, 0.05627094, 0
2.522,161.1847, 1.26237,476.6219, 0.02684756, 24.13968, 0,0,0,1,0,1.279835, 0.02475608, 0.02877849,0.04522425, 0.9681857, 0.175491, 0
2.55,162.8589, 1.254436,460.024, 0.02559624, 30.18257, 0,0,0,1,0,1.298554, 0.06061416, 0.0790794,0.1142389, 0.8204531, 0.1772435, 0
2.565333,163.7818, 2.004405,159.479, 0.008545676, 29.03342, 0,0,0,1,0,2.047268, 0.06116765, 0.07812726,0.1302071, 0.2488727, 0, 0
2.640333,168.2807, 1.904194,234.7339, 0.01261935, 28.99973, 0,0,0,1,0,1.947616, 0.05385715, 0.07230657,0.1064017, 0.4553529, 0.005067251, 0
2.901,183.9167, 2.248245,179.8552, 0.009726793, 29.87023, 0,15,0,1,0,2.345108, 0.07255154, 0.07782102,0.09458092, 0.2736924, 0.03747154, 0
3.101,195.9193, 2.209897,317.5175, 0.01415928, 30.15612, 0,0,0,1,0,2.236076, 0.0342632, 0.04972957,0.09261735, 0.5386757, 0.1499106, 0
3.105667,196.1974, 2.459174,185.4987, 0.008287802, 25.82593, 0,0,1,1,1,2.518891, 0.08533891, 0.07784761,0.08576467, 0.3375328, 0.0005280681, 0
3.135,197.9644, 1.122315,764.4572, 0.03729247, 29.72626, 1,0,1,0,0,1.151612, 0.04092755, 0.05443009,0.07715189, 1.690143, 0.1210572, 0
3.138,198.1389, 2.478163,204.9774, 0.009172422, 31.47228, 0,0,0,1,0,2.523879, 0.05967183, 0.0726155,0.09187755, 0.3565246, 0.03368288, 0
3.143667,198.4803, 2.083419,388.4304, 0.01725587, 26.63717, 0,0,0,1,0,2.109169, 0.03597327, 0.04220678,0.05740529, 0.7893127, 0.1098684, 0
3.145,198.5601, 2.467549,201.7032, 0.009016385, 30.11743, 0,0,0,1,0,2.526159, 0.08083081, 0.09472122,0.07400944, 0.3217009, 0.0478335, 0
3.161333,199.5386, 2.516021,211.2751, 0.009395772, 30.97655, 0,0,0,1,0,2.547729, 0.04658926, 0.05329914,0.07834985, 0.4093005, 0.02634256, 0
3.287667,207.1157, 2.527141,263.6274, 0.01116604, 31.71545, 0,0,0,1,0,2.558241, 0.04515469, 0.05362612,0.06255855, 0.4140417, 0.1541224, 0
3.434,215.9002, 1.734414,669.4163, 0.02943577, 27.43178, 0,2,0,1,0,1.763126, 0.03273529, 0.03795467,0.05167411, 1.046189, 0.4836645, 0.01894306
3.444667,216.545, 2.738791,236.5203, 0.009389327, 28.65904, 0,0,0,1,0,2.775205, 0.04740958, 0.05709339,0.06683441, 0.4441774, 0.05417383, 0
3.917667,244.917, 1.288077,1001.298, 0.04129837, 32.51987, 0,0,0,1,0,1.318675, 0.05002414, 0.06390103,0.08185049, 2.062777, 0.3406094, 0
3.941,246.3169, 1.258848,1043.106, 0.04415827, 30.28036, 1,0,2,0,0,1.282936, 0.03574276, 0.04089494,0.05375249, 2.00193, 0.5259339, 0
4.183333,260.8607, 3.512599,206.5464, 0.006815097, 27.71234, 0,0,0,1,0,3.564083, 0.06792402, 0.08094906,0.0693319, 0.333133, 0.06817318, 0
4.980667,308.6993, 1.67448,1239.839, 0.04173645, 26.47172, 0,0,0,1,1,1.732048, 0.08137574, 0.1048727,0.1395236, 2.589402, 0.3336911, 0
5.228333,323.5714, 2.69579,976.4427, 0.03015082, 30.38519, 0,0,1,1,0,2.728885, 0.04476495, 0.05489324,0.06986885, 1.809232, 0.5210186, 0
5.318,328.9411, 2.474851,1074.239, 0.0349769, 32.07833, 1,0,2,0,0,2.524859, 0.07528967, 0.08210358,0.07870522, 2.085951, 0.4713851, 0
6.273666,386.286, 3.483852,1058.271, 0.02811016, 30.15655, 0,0,0,1,0,3.527251, 0.05868154, 0.07193251,0.08401328, 2.104726, 0.4273356, 0
7.311,448.5185, 3.558487,1437.461, 0.03566964, 32.41729, 0,0,3,1,0,3.608623, 0.0665447, 0.07930735,0.0887928, 2.886783, 0.5811866, 0
7.682333,470.7972, 2.053139,2091.773, 0.0484633, 28.57105, 0,0,0,1,1,2.158431, 0.1485121, 0.2017132,0.3332582, 4.368101, 0.4725443, 0
8.318,508.9373, 4.445136,1442.08, 0.03265305, 26.48453, 1,0,3,0,0,4.544744, 0.1236787, 0.1424908,0.1522949, 2.70364, 0.6513992, 0
8.318,508.9388, 3.032914,1944.22, 0.04206071, 28.21098, 1,0,1,0,0,3.155075, 0.1683788, 0.2337822,0.3381543, 3.761254, 0.661574, 0
8.515333,520.7795, 2.64923,2212.97, 0.04760894, 31.96137, 0,0,0,1,0,2.728127, 0.1238803, 0.2020205,0.3015662, 4.171091, 0.9887167, 0
8.737,534.0826, 2.533786,2379.52, 0.04992999, 29.71902, 0,0,0,1,0,2.614603, 0.1115865, 0.1319868,0.2050635, 4.63385, 1.040229, 0
9.973332,608.2633, 3.258589,2424.271, 0.04427273, 27.92565, 0,0,0,1,0,3.418613, 0.2324003, 0.3312721,0.6642622, 4.484212, 0.8428615, 0
10.01671,610.8613, 3.650192,2352.231, 0.04309164, 28.95818, 0,0,0,0,0,3.793073, 0.2071388, 0.2513406,0.335299, 4.469703, 0.9605087, 0
10.01671,610.8758, 2.928206,2713.055, 0.04992508, 30.55598, 0,0,0,0,1,3.033154, 0.1493405, 0.1830789,0.2567135, 4.94361, 1.451153, 0
10.01671,610.8762, 3.141099,2472.315, 0.04563696, 27.79835, 0,0,0,0,2,3.314477, 0.2521954, 0.3311602,0.5262247, 5.259871, 0.3331215, 0
10.01671,610.8763, 3.938576,2276.743, 0.04168327, 28.91972, 0,0,0,0,2,4.054517, 0.1611612, 0.2031949,0.3063886, 4.419866, 0.8719267, 0
10.01671,610.8765, 3.367346,2445.413, 0.04483959, 30.97954, 0,0,0,0,0,3.531889, 0.2204539, 0.2796207,0.4427806, 4.579526, 0.9627835, 0
10.01671,610.8766, 3.61865,2292.806, 0.0414056, 28.91332, 0,0,0,0,0,3.784998, 0.2391623, 0.3124139,0.5408986, 4.659022, 0.4805563, 0
10.01671,610.8767, 4.98,1826.774, 0.03337355, 27.85291, 0,0,0,0,0,5.114045, 0.1936648, 0.2361351,0.3219805, 3.430728, 0.7204922, 0
10.01671,610.8769, 2.644568,2833.027, 0.05175187, 27.76008, 0,0,0,0,0,2.7254, 0.1178804, 0.1473292,0.2019466, 5.666238, 1.158253, 0
10.01671,610.877, 3.53298,2254.659, 0.04121383, 27.29724, 0,0,0,0,0,3.737032, 0.2954749, 0.4000835,0.7772455, 4.413306, 0.3939057, 0
10.01671,610.8771, 2.981706,2522.4, 0.04672455, 28.78224, 0,0,0,0,1,3.146645, 0.2361998, 0.3414123,0.7849136, 4.822628, 0.6852516, 0
10.01671,610.8773, 3.77954,2283.525, 0.04224675, 25.93202, 0,0,0,0,2,3.926122, 0.2139335, 0.2597175,0.417442, 4.480587, 0.7192543, 0
10.01671,610.8774, 3.002875,2635.768, 0.04821373, 27.71804, 0,0,0,0,0,3.111575, 0.1681305, 0.243725,0.3509248, 4.924993, 1.217712, 0
10.01671,610.8776, 3.623468,2382.034, 0.04389006, 28.51639, 0,0,0,0,2,3.734915, 0.1664247, 0.2288315,0.3550784, 4.639709, 0.8921, 0
10.01671,610.8777, 2.805575,2748.433, 0.05040827, 31.59101, 0,0,0,0,0,2.909452, 0.1494819, 0.1792774,0.2517144, 5.389225, 1.137898, 0
10.01671,610.8778, 3.52733,2456.488, 0.04550321, 28.08606, 0,0,0,0,0,3.611056, 0.1226058, 0.1633018,0.2568049, 5.019992, 0.8432741, 0
10.01671,610.8779, 2.609614,2850.661, 0.05245997, 23.69673, 0,0,0,0,0,2.705177, 0.1339255, 0.1615625,0.2246037, 5.335033, 1.456746, 0
10.01671,610.8781, 2.205586,2889.105, 0.05354864, 27.44335, 0,0,0,0,1,2.365447, 0.2290496, 0.3095736,0.5074211, 5.876163, 0.7294024, 0
10.01671,610.8782, 2.566765,2868.391, 0.0521278, 28.61258, 0,0,0,0,0,2.672546, 0.1360548, 0.1754894,0.2829184, 5.225749, 1.524288, 0
10.01671,610.8783, 4.35671,2094.768, 0.03859102, 30.18118, 0,0,0,0,0,4.472414, 0.169484, 0.211092,0.3246303, 4.104665, 0.7347584, 0
10.01671,610.8784, 3.435314,2453.81, 0.0452423, 28.54391, 0,0,0,0,0,3.558855, 0.1814495, 0.2258237,0.3507156, 4.674898, 1.025322, 0
10.01671,610.8785, 3.518553,2421.241, 0.04347283, 25.57692, 0,0,0,0,3,3.623304, 0.1468962, 0.2288285,0.4568496, 4.606562, 0.9546058, 0
10.01671,610.8787, 3.016312,2491.576, 0.04553194, 32.95109, 0,0,0,0,1,3.195322, 0.2572964, 0.3473332,0.7357638, 5.086225, 0.3951129, 0
10.01671,610.8788, 3.073217,2681.034, 0.04912373, 26.82843, 0,0,0,0,1,3.160996, 0.1347672, 0.1664959,0.2480715, 4.590123, 1.716585, 0
10.01671,610.879, 4.428927,2067.673, 0.03797575, 28.1017, 0,0,0,0,1,4.544459, 0.1741009, 0.2235663,0.3208866, 3.784428, 0.9696061, 0
10.01671,610.8791, 3.322363,2497.258, 0.0459804, 26.27508, 0,0,0,0,0,3.466867, 0.2094114, 0.2532172,0.3442088, 4.487121, 1.256243, 0
10.01671,610.8792, 2.943779,2518.319, 0.04632503, 28.15626, 0,0,0,0,0,3.135504, 0.2749908, 0.4110007,0.7143896, 4.952156, 0.5290304, 0
10.01671,610.8793, 3.433528,2301.136, 0.04319851, 30.74581, 0,0,0,0,1,3.642007, 0.2979522, 0.3864754,0.8258144, 4.228613, 0.636201, 0
10.01671,610.8795, 2.107736,3026.764, 0.05602298, 23.71486, 0,0,0,0,0,2.201575, 0.1339955, 0.1713746,0.2440653, 6.183953, 1.082103, 0
10.01671,610.8796, 2.389686,2912.261, 0.05293141, 26.43958, 0,0,0,0,2,2.490912, 0.144525, 0.1749196,0.2496898, 5.748892, 1.208128, 0
10.01671,610.8798, 2.791758,2796.292, 0.05131758, 29.45743, 0,0,0,0,1,2.887042, 0.1338907, 0.1599145,0.2312758, 4.838371, 1.766579, 0
10.01671,610.8799, 3.522557,2443.592, 0.0444725, 31.09248, 0,0,0,0,1,3.640816, 0.1655038, 0.2104738,0.302987, 4.536525, 1.16075, 0
10.01671,610.88, 3.316302,2518.931, 0.04588799, 30.21332, 0,0,0,0,2,3.430557, 0.1695076, 0.2207065,0.3085659, 4.721234, 1.166488, 0
10.01671,610.8801, 2.876298,2581.677, 0.04785643, 28.19643, 0,0,0,0,2,3.051397, 0.2516509, 0.3336912,0.5918449, 5.442903, 0.3455642, 0
10.01671,610.8803, 2.578491,2865.384, 0.05322639, 30.99777, 0,0,0,0,1,2.679052, 0.1408861, 0.1830032,0.2522287, 5.127599, 1.634307, 0
10.01671,610.8804, 2.270251,2981.485, 0.05438108, 27.26405, 0,0,0,0,1,2.386429, 0.1498391, 0.2051849,0.3123029, 5.233201, 1.730095, 0
10.01671,610.8806, 2.461957,2919.522, 0.05307452, 27.98506, 0,0,0,0,1,2.556753, 0.1311255, 0.1604832,0.2404803, 5.271969, 1.65625, 0
10.01671,610.8807, 2.137851,2977.444, 0.05423075, 30.59287, 0,0,0,0,0,2.246644, 0.1794752, 0.280653,0.4313703, 5.306323, 1.572584, 0
10.01671,610.8809, 2.891185,2701.438, 0.04924763, 25.10922, 0,0,0,0,0,3.024539, 0.1845638, 0.2257576,0.3503097, 4.723663, 1.508231, 0
10.01671,610.881, 3.617204,2386.654, 0.04349406, 31.48811, 0,0,0,0,0,3.732995, 0.1674911, 0.2041345,0.2815375, 4.903793, 0.7271086, 0
10.01671,610.8811, 4.170803,2141.161, 0.03957471, 30.2572, 0,0,0,0,0,4.306433, 0.1943051, 0.2526976,0.3856328, 4.144928, 0.7330747, 0
10.01671,610.8812, 2.533166,2898.85, 0.05297414, 23.43032, 0,0,0,0,0,2.623776, 0.1222341, 0.1614074,0.263902, 5.349788, 1.495949, 0
10.01671,610.8814, 3.615262,2408.5, 0.04379871, 21.93725, 0,0,0,0,0,3.737945, 0.1704072, 0.2126232,0.2903784, 4.540013, 1.065702, 0
10.01671,610.8815, 3.354024,2523.067, 0.04600199, 26.28642, 0,0,0,0,1,3.460317, 0.15145, 0.188343,0.2777357, 4.852438, 1.086781, 0
10.01671,610.8817, 10.01705,0.08504312, 0, 27.1351, 0,0,0,0,0,10.01705, 0, 0,0, 0, 0, 0
10.01671,610.8818, 10.01705,0.1046702, 0, 25.81726, 0,0,0,0,0,10.01705, 0, 0,0, 0, 0, 0
10.01671,610.882, 10.01705,0.0737597, 0, 26.75054, 0,0,0,0,0,10.01705, 0, 0,0, 0, 0, 0
10.01671,610.8821, 10.01705,18.00241, 0, 25.22276, 0,1,2,0,0,10.01705, 0, 0,0, 0, 0, 0
10.01671,610.8822, 10.01705,0.08502154, 0, 21.55842, 0,0,0,0,0,10.01705, 0, 0,0, 0, 0, 0
10.01671,610.8823, 10.01705,34.77921, 0, 31.1927, 0,0,3,0,0,10.01705, 0, 0,0, 0, 0, 0
10.01671,610.8824, 10.01705,0.0903853, 0, 27.23493, 0,0,0,0,0,10.01705, 0, 0,0, 0, 0, 0
10.01671,610.8826, 10.01705,0.05553237, 0, 23.43615, 0,0,0,0,0,10.01705, 0, 0,0, 0, 0, 0
10.01671,610.8827, 10.01705,0.106587, 0, 31.93054, 0,0,0,0,0,10.01705, 0, 0,0, 0, 0, 0
10.01671,610.8828, 10.01705,0.09980697, 0, 29.07665, 0,0,0,0,0,10.01705, 0, 0,0, 0, 0, 0
10.01671,610.8829, 10.01705,0.1053664, 0, 26.44477, 0,0,0,0,0,10.01705, 0, 0,0, 0, 0, 0
10.01671,610.8831, 10.01705,0.08089209, 0, 27.81514, 0,0,0,0,0,10.01705, 0, 0,0, 0, 0, 0
10.01671,610.8832, 10.01705,0.1066141, 0, 28.88225, 0,0,0,0,0,10.01705, 0, 0,0, 0, 0, 0
10.01671,610.8834, 10.01705,0.1004844, 0, 30.31041, 0,0,0,0,0,10.01705, 0, 0,0, 0, 0, 0
10.01671,610.8835, 10.01705,0.09984786, 0, 28.70647, 0,0,0,0,0,10.01705, 0, 0,0, 0, 0, 0
10.01671,610.8836, 10.01705,0.09169185, 0, 24.82444, 0,0,0,0,0,10.01705, 0, 0,0, 0, 0, 0
10.01671,610.8837, 10.01705,0.06234498, 0, 29.68824, 0,0,0,0,0,10.01705, 0, 0,0, 0, 0, 0
10.01671,610.8839, 10.01705,0.07283674, 0, 27.22711, 0,0,0,0,0,10.01705, 0, 0,0, 0, 0, 0
10.01671,610.884, 10.01705,0.08504245, 0, 28.33472, 0,0,0,0,0,10.01705, 0, 0,0, 0, 0, 0
10.01671,610.8841, 10.01705,0.2761092, 0, 26.41963, 0,0,0,0,0,10.01705, 0, 0,0, 0, 0, 0
10.01671,610.8843, 10.01705,0.05379563, 0, 28.1669, 0,0,0,0,0,10.01705, 0, 0,0, 0, 0, 0
10.01671,610.8844, 10.01705,0.09979441, 0, 27.22376, 0,0,0,0,0,10.01705, 0, 0,0, 0, 0, 0
10.01671,610.8845, 10.01705,0.143946, 0, 23.75434, 0,0,0,0,0,10.01705, 0, 0,0, 0, 0, 0
10.01671,610.8846, 10.01705,0.06232239, 0, 25.83775, 0,0,0,0,0,10.01705, 0, 0,0, 0, 0, 0
10.01671,610.8848, 10.01705,0.05552039, 0, 24.36669, 0,0,0,0,0,10.01705, 0, 0,0, 0, 0, 0
10.01671,610.8849, 10.01705,0.07279175, 0, 23.7271, 0,0,0,0,0,10.01705, 0, 0,0, 0, 0, 0
10.01671,610.8851, 10.01705,0.08971897, 0, 26.93488, 0,0,0,0,0,10.01705, 0, 0,0, 0, 0, 0
10.01671,610.8852, 10.01705,0.0970646, 0, 28.94674, 0,0,0,0,0,10.01705, 0, 0,0, 0, 0, 0
10.01671,610.8853, 10.01705,0.08053835, 0, 30.44691, 0,0,0,0,0,10.01705, 0, 0,0, 0, 0, 0
10.01671,610.8854, 10.01705,0.05377814, 0, 26.79285, 0,0,0,0,0,10.01705, 0, 0,0, 0, 0, 0
10.01671,610.8856, 10.01705,0.1193753, 0, 24.14457, 0,0,0,0,0,10.01705, 0, 0,0, 0, 0, 0
10.01671,610.8857, 10.01705,1772067, 0, 30.85006, 0,0,0,0,0,10.01705, 0, 0,0, 0, 0, 0
10.01671,610.8859, 10.01705,0.1891944, 0, 22.14252, 0,0,2,0,0,10.01705, 0, 0,0, 0, 0, 0
10.01671,610.886, 10.01705,0.07277964, 0, 28.61401, 0,0,0,0,0,10.01705, 0, 0,0, 0, 0, 0
10.01671,610.8861, 10.01705,0.0623236, 0, 23.67752, 0,0,0,0,0,10.01705, 0, 0,0, 0, 0, 0
10.01671,610.8862, 10.01705,0.08101722, 0, 24.40312, 0,0,0,0,0,10.01705, 0, 0,0, 0, 0, 0
10.01671,610.8864, 10.01705,0.2331357, 0, 28.64826, 0,0,0,0,0,10.01705, 0, 0,0, 0, 0, 0
10.01671,610.8865, 10.01705,0.129078, 0, 25.14272, 0,0,0,0,0,10.01705, 0, 0,0, 0, 0, 0
10.01671,610.8867, 10.01705,0.2209453, 0, 30.37797, 0,0,0,0,0,10.01705, 0, 0,0, 0, 0, 0
10.01671,610.8868, 10.01705,0.2565894, 0, 24.29948, 0,0,0,0,0,10.01705, 0, 0,0, 0, 0, 0
10.01671,610.8869, 10.01705,26.75219, 0, 27.22639, 0,0,3,0,0,10.01705, 0, 0,0, 0, 0, 0
10.01671,610.887, 10.01705,1772067, 0, 27.77338, 0,0,0,0,0,10.01705, 0, 0,0, 0, 0, 0
10.01671,610.8871, 10.01705,0.08673123, 0, 29.01874, 0,0,0,0,0,10.01705, 0, 0,0, 0, 0, 0
10.01671,610.8873, 10.01705,0.8974139, 0, 27.0127, 0,0,3,0,0,10.01705, 0, 0,0, 0, 0, 0
10.01671,610.8874, 10.01705,0.1251236, 0, 22.08222, 0,0,0,0,0,10.01705, 0, 0,0, 0, 0, 0
10.01671,610.8876, 10.01705,0.03857996, 0, 24.94689, 0,0,0,0,0,10.01705, 0, 0,0, 0, 0, 0
10.01671,610.8877, 10.01705,0.1152818, 0, 25.96745, 0,0,0,0,0,10.01705, 0, 0,0, 0, 0, 0
10.01671,610.8878, 10.01705,0.2609725, 0, 26.89003, 0,0,1,0,0,10.01705, 0, 0,0, 0, 0, 0
10.01671,610.8879, 10.01705,0.09882827, 0, 24.68404, 0,0,0,0,0,10.01705, 0, 0,0, 0, 0, 0
10.01671,610.8881, 10.01705,0.134224, 0, 27.52863, 0,1,0,0,0,10.01705, 0, 0,0, 0, 0, 0
10.01671,610.8882, 10.01705,0.1105821, 0, 28.35198, 0,0,0,0,0,10.01705, 0, 0,0, 0, 0, 0
10.01671,610.8883, 10.01705,0.08058298, 0, 29.10746, 0,0,0,0,0,10.01705, 0, 0,0, 0, 0, 0
10.01671,610.8884, 10.01705,5.371578, 0, 27.56257, 0,0,4,0,0,10.01705, 0, 0,0, 0, 0, 0
10.01671,610.8885, 10.01705,0.3968744, 0, 27.00243, 0,0,1,0,0,10.01705, 0, 0,0, 0, 0, 0
10.01671,610.8887, 10.01705,1772067, 0, 23.92081, 0,0,0,0,0,10.01705, 0, 0,0, 0, 0, 0
10.01671,610.8888, 10.01705,0.1243134, 0, 22.8806, 0,0,0,0,0,10.01705, 0, 0,0, 0, 0, 0
10.01671,610.8889, 10.01705,0.1282643, 0, 31.91858, 0,0,0,0,0,10.01705, 0, 0,0, 0, 0, 0
10.01671,610.8891, 10.01705,0.05378649, 0, 27.72835, 0,0,0,0,0,10.01705, 0, 0,0, 0, 0, 0
10.01671,610.8892, 10.01705,0.08665447, 0, 25.29743, 0,0,0,0,0,10.01705, 0, 0,0, 0, 0, 0
10.01671,610.8893, 10.01705,0.2625377, 0, 25.6959, 0,0,0,0,0,10.01705, 0, 0,0, 0, 0, 0
10.01671,610.8895, 10.01705,0.09429322, 0, 27.1564, 0,0,0,0,0,10.01705, 0, 0,0, 0, 0, 0
10.01671,610.8896, 10.01705,0.08095485, 0, 29.00684, 0,0,0,0,0,10.01705, 0, 0,0, 0, 0, 0
10.01671,610.8898, 10.01705,0.2143156, 0, 28.87498, 0,0,0,0,0,10.01705, 0, 0,0, 0, 0, 0
10.01671,610.8899, 10.01705,0.2409972, 0, 26.21041, 0,0,0,0,0,10.01705, 0, 0,0, 0, 0, 0
10.01671,610.89, 10.01705,0.07379262, 0, 33.76606, 0,0,0,0,0,10.01705, 0, 0,0, 0, 0, 0
10.01671,610.8901, 10.01705,0.08097722, 0, 29.8987, 0,0,0,0,0,10.01705, 0, 0,0, 0, 0, 0
10.01671,610.8903, 10.01705,0.08502363, 0, 21.542, 0,0,0,0,0,10.01705, 0, 0,0, 0, 0, 0
10.01671,610.8904, 10.01705,0.09064244, 0, 28.52822, 0,0,0,0,0,10.01705, 0, 0,0, 0, 0, 0
10.01671,610.8905, 10.01705,0.1006794, 0, 32.82149, 0,0,0,0,0,10.01705, 0, 0,0, 0, 0, 0
10.01671,610.8906, 10.01705,1.570753, 0, 30.53389, 0,0,1,0,0,10.01705, 0, 0,0, 0, 0, 0
10.01671,610.8907, 10.01705,0.0806067, 0, 25.48203, 0,0,0,0,0,10.01705, 0, 0,0, 0, 0, 0
10.01671,610.8909, 10.01705,0.09926203, 0, 29.59214, 0,0,0,0,0,10.01705, 0, 0,0, 0, 0, 0
10.01671,610.891, 10.01705,0.1285331, 0, 25.15856, 0,0,0,0,0,10.01705, 0, 0,0, 0, 0, 0
10.01671,610.8911, 10.01705,0.1164734, 0, 25.03359, 0,0,0,0,0,10.01705, 0, 0,0, 0, 0, 0
10.01671,610.8912, 10.01705,0.05552151, 0, 26.59074, 0,0,0,0,0,10.01705, 0, 0,0, 0, 0, 0
10.01671,610.8914, 10.01705,0.1005054, 0, 27.94755, 0,0,0,0,0,10.01705, 0, 0,0, 0, 0, 0
10.01671,610.8915, 10.01705,0.2581822, 0, 28.62974, 0,0,1,0,0,10.01705, 0, 0,0, 0, 0, 0
10.01671,610.8917, 10.01705,48.12274, 0, 26.25046, 0,0,6,0,0,10.01705, 0, 0,0, 0, 0, 0
10.01671,610.8918, 10.01705,1769476, 0, 25.29594, 0,0,1,0,0,10.01705, 0, 0,0, 0, 0, 0
10.01671,610.8919, 10.01705,0.0850291, 0, 22.78242, 0,0,0,0,0,10.01705, 0, 0,0, 0, 0, 0
10.01671,610.892, 10.01705,0.08057048, 0, 28.70154, 0,0,0,0,0,10.01705, 0, 0,0, 0, 0, 0
10.01671,610.8922, 10.01705,0.08056194, 0, 25.34638, 0,0,0,0,0,10.01705, 0, 0,0, 0, 0, 0
10.01671,610.8923, 10.01705,0.05552526, 0, 28.95509, 0,0,0,0,0,10.01705, 0, 0,0, 0, 0, 0
10.01671,610.8924, 10.01705,0.1160788, 0, 27.02171, 0,0,0,0,0,10.01705, 0, 0,0, 0, 0, 0
10.01671,610.8925, 10.01705,0.0997586, 0, 30.93736, 0,0,0,0,0,10.01705, 0, 0,0, 0, 0, 0
10.01671,610.8926, 10.01705,0.09048437, 0, 28.77526, 0,0,0,0,0,10.01705, 0, 0,0, 0, 0, 0
10.01671,610.8928, 10.01705,0.05553877, 0, 28.79177, 0,0,0,0,0,10.01705, 0, 0,0, 0, 0, 0
10.01671,610.8929, 10.01705,0.0737613, 0, 29.23499, 0,0,0,0,0,10.01705, 0, 0,0, 0, 0, 0
10.01671,610.893, 10.01705,0.08673272, 0, 29.9868, 0,0,0,0,0,10.01705, 0, 0,0, 0, 0, 0
10.01671,610.8931, 10.01705,0.08057913, 0, 25.1039, 0,0,0,0,0,10.01705, 0, 0,0, 0, 0, 0
10.01671,610.8932, 10.01705,0.08058389, 0, 30.34296, 0,0,0,0,0,10.01705, 0, 0,0, 0, 0, 0
10.01671,610.8934, 10.01705,0.1144089, 0, 26.91867, 0,0,0,0,0,10.01705, 0, 0,0, 0, 0, 0
10.01671,610.8935, 10.01705,0.06232981, 0, 29.48401, 0,0,0,0,0,10.01705, 0, 0,0, 0, 0, 0
10.01671,610.8936, 10.01705,0.2882798, 0, 27.06179, 0,0,0,0,0,10.01705, 0, 0,0, 0, 0, 0
10.01671,610.8937, 10.01705,0.06232294, 0, 28.90791, 0,0,0,0,0,10.01705, 0, 0,0, 0, 0, 0
10.01671,610.8939, 10.01705,0.1056364, 0, 28.5297, 0,0,0,0,0,10.01705, 0, 0,0, 0, 0, 0
10.01671,610.894, 10.01705,0.1152027, 0, 30.60611, 0,0,0,0,0,10.01705, 0, 0,0, 0, 0, 0
10.01671,610.8941, 10.01705,0.05378504, 0, 28.51699, 0,0,0,0,0,10.01705, 0, 0,0, 0, 0, 0
10.01671,610.8942, 10.01705,0.1143816, 0, 29.97625, 0,0,0,0,0,10.01705, 0, 0,0, 0, 0, 0
10.01671,610.8943, 10.01705,159.6448, 0, 29.21601, 0,0,4,0,0,10.01705, 0, 0,0, 0, 0, 0
10.01671,610.8945, 10.01705,0.1324595, 0, 30.24898, 0,0,0,0,0,10.01705, 0, 0,0, 0, 0, 0
10.01671,610.8946, 10.01705,0.07277843, 0, 24.98154, 0,0,0,0,0,10.01705, 0, 0,0, 0, 0, 0
10.01671,610.8947, 10.01705,0.05552358, 0, 31.27681, 0,0,0,0,0,10.01705, 0, 0,0, 0, 0, 0
10.01671,610.8948, 10.01705,0.1005812, 0, 28.80538, 0,0,0,0,0,10.01705, 0, 0,0, 0, 0, 0
10.01671,610.895, 10.01705,0.1979564, 0, 28.32433, 0,0,1,0,0,10.01705, 0, 0,0, 0, 0, 0
10.01671,610.8951, 10.01705,0.1278691, 0, 25.38749, 0,0,0,0,0,10.01705, 0, 0,0, 0, 0, 0
10.01671,610.8952, 10.01705,0.08939452, 0, 28.97655, 0,0,0,0,0,10.01705, 0, 0,0, 0, 0, 0
10.01671,610.8954, 10.01705,5.544898, 0, 26.12686, 0,0,5,0,0,10.01705, 0, 0,0, 0, 0, 0
10.01671,610.8956, 10.01705,0.07378022, 0, 25.89369, 0,0,0,0,0,10.01705, 0, 0,0, 0, 0, 0
10.01671,610.8958, 10.01705,0.07374084, 0, 27.67051, 0,0,0,0,0,10.01705, 0, 0,0, 0, 0, 0
10.01671,610.8959, 10.01705,0.2539845, 0, 27.13725, 0,0,2,0,0,10.01705, 0, 0,0, 0, 0, 0
10.01671,610.896, 10.01705,0.1168888, 0, 27.26007, 0,0,1,0,0,10.01705, 0, 0,0, 0, 0, 0
10.01671,610.8962, 10.01705,0.08674037, 0, 30.91769, 0,0,0,0,0,10.01705, 0, 0,0, 0, 0, 0
10.01671,610.8963, 10.01705,9.474558, 0, 26.62974, 0,0,4,0,0,10.01705, 0, 0,0, 0, 0, 0
10.01671,610.8964, 10.01705,0.08054747, 0, 23.4164, 0,0,0,0,0,10.01705, 0, 0,0, 0, 0, 0
10.01671,610.8966, 10.01705,1772067, 0, 28.05327, 0,0,0,0,0,10.01705, 0, 0,0, 0, 0, 0
10.01671,610.8967, 10.01705,0.1046637, 0, 26.62086, 0,0,0,0,0,10.01705, 0, 0,0, 0, 0, 0
10.01671,610.8969, 10.01705,0.116552, 0, 31.43849, 0,0,0,0,0,10.01705, 0, 0,0, 0, 0, 0
10.01671,610.897, 10.01705,0.05377759, 0, 29.49625, 0,0,0,0,0,10.01705, 0, 0,0, 0, 0, 0
10.01671,610.8971, 10.01705,0.08088463, 0, 25.23864, 0,0,0,0,0,10.01705, 0, 0,0, 0, 0, 0
10.01671,610.8973, 10.01705,0.1670798, 0, 27.09218, 0,1,0,0,0,10.01705, 0, 0,0, 0, 0, 0
10.01671,610.8974, 10.01705,0.4404251, 0, 28.11006, 0,0,0,0,0,10.01705, 0, 0,0, 0, 0, 0
10.01671,610.8975, 10.01705,1772067, 0, 25.13228, 0,0,0,0,0,10.01705, 0, 0,0, 0, 0, 0
10.01671,610.8976, 10.01705,0.08685848, 0, 25.78736, 0,0,0,0,0,10.01705, 0, 0,0, 0, 0, 0
10.01671,610.8978, 10.01705,0.2083201, 0, 24.65451, 0,0,0,0,0,10.01705, 0, 0,0, 0, 0, 0
10.01671,610.8979, 10.01705,0.2499182, 0, 25.67605, 0,0,0,0,0,10.01705, 0, 0,0, 0, 0, 0
10.01671,610.8981, 10.01705,0.145855, 0, 30.13219, 0,0,0,0,0,10.01705, 0, 0,0, 0, 0, 0
10.01671,610.8982, 10.01705,0.0809725, 0, 29.08637, 0,0,0,0,0,10.01705, 0, 0,0, 0, 0, 0
10.01671,610.8984, 10.01705,0.1169896, 0, 33.52403, 0,0,0,0,0,10.01705, 0, 0,0, 0, 0, 0
10.01671,610.8985, 10.01705,0.128527, 0, 26.37986, 0,0,0,0,0,10.01705, 0, 0,0, 0, 0, 0
10.01671,610.8986, 10.01705,0.09163664, 0, 26.19589, 0,0,0,0,0,10.01705, 0, 0,0, 0, 0, 0
10.01671,610.8987, 10.01705,0.07391137, 0, 29.59276, 0,0,0,0,0,10.01705, 0, 0,0, 0, 0, 0
10.01671,610.8989, 10.01705,0.06232657, 0, 28.02569, 0,0,0,0,0,10.01705, 0, 0,0, 0, 0, 0
10.01671,610.899, 10.01705,0.124812, 0, 31.69398, 0,0,0,0,0,10.01705, 0, 0,0, 0, 0, 0
10.01671,610.8991, 10.01705,0.07374146, 0, 25.70527, 0,0,0,0,0,10.01705, 0, 0,0, 0, 0, 0
10.01671,610.8992, 10.01705,0.05553631, 0, 27.45814, 0,0,0,0,0,10.01705, 0, 0,0, 0, 0, 0
10.01671,610.8994, 10.01705,0.1258419, 0, 27.00713, 0,0,0,0,0,10.01705, 0, 0,0, 0, 0, 0
10.01671,610.8995, 10.01705,0.1194448, 0, 31.02337, 0,0,0,0,0,10.01705, 0, 0,0, 0, 0, 0
10.01671,610.8996, 10.01705,0.06234709, 0, 24.78016, 0,0,0,0,0,10.01705, 0, 0,0, 0, 0, 0
10.01671,610.8997, 10.01705,1.662599, 0, 26.96698, 0,0,1,0,0,10.01705, 0, 0,0, 0, 0, 0
10.01671,610.8998, 10.01705,1772067, 0, 24.53418, 0,0,0,0,0,10.01705, 0, 0,0, 0, 0, 0
10.01671,610.9, 10.01705,0.05552965, 0, 24.77846, 0,0,0,0,0,10.01705, 0, 0,0, 0, 0, 0
10.01671,610.9001, 10.01705,0.09677856, 0, 29.39548, 0,0,0,0,0,10.01705, 0, 0,0, 0, 0, 0
10.01671,610.9002, 10.01705,0.05552446, 0, 28.46124, 0,0,0,0,0,10.01705, 0, 0,0, 0, 0, 0
10.01671,610.9003, 10.01705,0.2475373, 0, 25.93367, 0,0,0,0,0,10.01705, 0, 0,0, 0, 0, 0
10.01671,610.9005, 10.01705,0.0737645, 0, 28.66428, 0,0,0,0,0,10.01705, 0, 0,0, 0, 0, 0
10.01671,610.9006, 10.01705,0.09935931, 0, 24.66602, 0,0,0,0,0,10.01705, 0, 0,0, 0, 0, 0
10.01671,610.9007, 10.01705,1772067, 0, 27.194, 0,0,0,0,0,10.01705, 0, 0,0, 0, 0, 0
10.01671,610.9008, 10.01705,0.06232647, 0, 28.69737, 0,0,0,0,0,10.01705, 0, 0,0, 0, 0, 0
10.01671,610.9009, 10.01705,0.09974805, 0, 28.71679, 0,0,0,0,0,10.01705, 0, 0,0, 0, 0, 0
10.01671,610.9011, 10.01705,0.1031572, 0, 28.1063, 0,0,0,0,0,10.01705, 0, 0,0, 0, 0, 0
10.01671,610.9012, 10.01705,1772067, 0, 28.85264, 0,0,0,0,0,10.01705, 0, 0,0, 0, 0, 0
10.01671,610.9014, 10.01705,0.07374468, 0, 23.64392, 0,0,0,0,0,10.01705, 0, 0,0, 0, 0, 0
10.01671,610.9015, 10.01705,0.08938174, 0, 28.93589, 0,0,0,0,0,10.01705, 0, 0,0, 0, 0, 0
10.01671,610.9016, 10.01705,0.07282952, 0, 28.98893, 0,0,0,0,0,10.01705, 0, 0,0, 0, 0, 0
10.01671,610.9017, 10.01705,0.08067538, 0, 27.38932, 0,0,0,0,0,10.01705, 0, 0,0, 0, 0, 0
10.01671,610.9019, 10.01705,1767646, 0, 22.9907, 0,0,3,0,0,10.01705, 0, 0,0, 0, 0, 0
10.01671,610.902, 10.01705,0.08102573, 0, 30.16979, 0,0,0,0,0,10.01705, 0, 0,0, 0, 0, 0
10.01671,610.9021, 10.01705,0.1304043, 0, 29.1371, 0,0,0,0,0,10.01705, 0, 0,0, 0, 0, 0
10.01671,610.9022, 10.01705,0.4624307, 0, 27.38731, 0,0,0,0,0,10.01705, 0, 0,0, 0, 0, 0
10.01671,610.9023, 10.01705,0.07279016, 0, 21.14502, 0,0,0,0,0,10.01705, 0, 0,0, 0, 0, 0
10.01671,610.9025, 10.01705,1772067, 0, 25.35431, 0,0,0,0,0,10.01705, 0, 0,0, 0, 0, 0
10.01671,610.9026, 10.01705,0.06232295, 0, 29.14231, 0,0,0,0,0,10.01705, 0, 0,0, 0, 0, 0
10.01671,610.9027, 10.01705,0.0998309, 0, 25.90559, 0,0,0,0,0,10.01705, 0, 0,0, 0, 0, 0
10.01671,610.9028, 10.01705,0.099759, 0, 26.25254, 0,0,0,0,0,10.01705, 0, 0,0, 0, 0, 0
10.01671,610.903, 10.01705,0.08061285, 0, 24.58172, 0,0,0,0,0,10.01705, 0, 0,0, 0, 0, 0
10.01671,610.9031, 10.01705,0.06232243, 0, 25.34554, 0,0,0,0,0,10.01705, 0, 0,0, 0, 0, 0
10.01671,610.9033, 10.01705,0.1124833, 0, 27.65178, 0,0,0,0,0,10.01705, 0, 0,0, 0, 0, 0
10.01671,610.9034, 10.01705,0.05378799, 0, 27.77501, 0,0,0,0,0,10.01705, 0, 0,0, 0, 0, 0
10.01671,610.9035, 10.01705,0.1997422, 0, 25.02922, 0,0,0,0,0,10.01705, 0, 0,0, 0, 0, 0
10.01671,610.9036, 10.01705,0.07375893, 0, 27.87473, 0,0,0,0,0,10.01705, 0, 0,0, 0, 0, 0
10.01671,610.9037, 10.01705,1.84155, 0, 26.58182, 0,0,2,0,0,10.01705, 0, 0,0, 0, 0, 0
10.01671,610.9039, 10.01705,0.2605301, 0, 24.5026, 0,0,1,0,0,10.01705, 0, 0,0, 0, 0, 0
10.01671,610.904, 10.01705,0.1140018, 0, 28.43465, 0,0,0,0,0,10.01705, 0, 0,0, 0, 0, 0
10.01671,610.9041, 10.01705,0.06232729, 0, 28.70049, 0,0,0,0,0,10.01705, 0, 0,0, 0, 0, 0
10.01671,610.9042, 10.01705,1772067, 0, 28.94684, 0,0,0,0,0,10.01705, 0, 0,0, 0, 0, 0
10.01671,610.9044, 10.01705,0.1004876, 0, 29.33726, 0,0,0,0,0,10.01705, 0, 0,0, 0, 0, 0
10.01671,610.9045, 10.01705,15.74824, 0, 27.36641, 0,0,4,0,0,10.01705, 0, 0,0, 0, 0, 0
10.01671,610.9046, 10.01705,0.06233133, 0, 30.77878, 0,0,0,0,0,10.01705, 0, 0,0, 0, 0, 0
10.01671,610.9047, 10.01705,0.08674215, 0, 28.30632, 0,0,0,0,0,10.01705, 0, 0,0, 0, 0, 0
10.01671,610.9048, 10.01705,0.07379718, 0, 27.34731, 0,0,0,0,0,10.01705, 0, 0,0, 0, 0, 0
10.01671,610.905, 10.01705,0.08674327, 0, 32.31069, 0,0,0,0,0,10.01705, 0, 0,0, 0, 0, 0
10.01671,610.9051, 10.01705,0.08105787, 0, 27.48859, 0,0,0,0,0,10.01705, 0, 0,0, 0, 0, 0
10.01671,610.9052, 10.01705,0.05378067, 0, 24.01204, 0,0,0,0,0,10.01705, 0, 0,0, 0, 0, 0
10.01671,610.9053, 10.01705,0.08672692, 0, 27.54133, 0,0,0,0,0,10.01705, 0, 0,0, 0, 0, 0
10.01671,610.9055, 10.01705,5.251382, 0, 27.16414, 0,0,5,0,0,10.01705, 0, 0,0, 0, 0, 0
10.01671,610.9056, 10.01705,0.2933909, 0, 26.00373, 0,0,0,0,0,10.01705, 0, 0,0, 0, 0, 0
10.01671,610.9057, 10.01705,0.09938049, 0, 28.12507, 0,0,0,0,0,10.01705, 0, 0,0, 0, 0, 0
10.01671,610.9058, 10.01705,0.08055617, 0, 26.42021, 0,0,0,0,0,10.01705, 0, 0,0, 0, 0, 0
10.01671,610.906, 10.01705,0.08245741, 0, 30.16805, 0,0,0,0,0,10.01705, 0, 0,0, 0, 0, 0
10.01671,610.9061, 10.01705,0.08111183, 0, 25.98544, 0,0,0,0,0,10.01705, 0, 0,0, 0, 0, 0
10.01671,610.9063, 10.01705,0.4778788, 0, 24.40644, 0,0,0,0,0,10.01705, 0, 0,0, 0, 0, 0
10.01671,610.9064, 10.01705,0.07377432, 0, 32.2981, 0,0,0,0,0,10.01705, 0, 0,0, 0, 0, 0
10.01671,610.9065, 10.01705,0.1916393, 0, 29.13565, 0,0,0,0,0,10.01705, 0, 0,0, 0, 0, 0
10.01671,610.9066, 10.01705,0.08674373, 0, 31.5653, 0,0,0,0,0,10.01705, 0, 0,0, 0, 0, 0
10.01671,610.9067, 10.01705,0.08974481, 0, 26.16174, 0,0,0,0,0,10.01705, 0, 0,0, 0, 0, 0
10.01671,610.9069, 10.01705,5.882193, 0, 24.96802, 0,0,3,0,0,10.01705, 0, 0,0, 0, 0, 0
10.01671,610.907, 10.01705,1772067, 0, 29.45985, 0,0,0,0,0,10.01705, 0, 0,0, 0, 0, 0
10.01671,610.9072, 10.01705,1771982, 0, 22.91283, 0,0,1,0,0,10.01705, 0, 0,0, 0, 0, 0
10.01671,610.9073, 10.01705,0.2083227, 0, 29.5509, 0,0,0,0,0,10.01705, 0, 0,0, 0, 0, 0
10.01671,610.9074, 10.01705,0.378217, 0, 26.76494, 0,0,1,0,0,10.01705, 0, 0,0, 0, 0, 0
10.01671,610.9075, 10.01705,0.1065866, 0, 22.03693, 0,0,0,0,0,10.01705, 0, 0,0, 0, 0, 0
10.01671,610.9077, 10.01705,0.101589, 0, 30.02806, 0,0,0,0,0,10.01705, 0, 0,0, 0, 0, 0
10.01671,610.9078, 10.01705,0.1150551, 0, 22.70134, 0,0,0,0,0,10.01705, 0, 0,0, 0, 0, 0
10.01671,610.9079, 10.01705,0.8374411, 0, 30.59937, 0,0,1,0,0,10.01705, 0, 0,0, 0, 0, 0
10.01671,610.908, 10.01705,0.2580687, 0, 24.06583, 0,0,1,0,0,10.01705, 0, 0,0, 0, 0, 0
10.01671,610.9081, 10.01705,1772067, 0, 24.78063, 0,0,0,0,0,10.01705, 0, 0,0, 0, 0, 0
10.01671,610.9083, 10.01705,0.06232283, 0, 26.87815, 0,0,0,0,0,10.01705, 0, 0,0, 0, 0, 0
10.01671,610.9084, 10.01705,0.09681693, 0, 28.42176, 0,0,0,0,0,10.01705, 0, 0,0, 0, 0, 0
10.01671,610.9086, 10.01705,0.1016291, 0, 24.74794, 0,0,0,0,0,10.01705, 0, 0,0, 0, 0, 0
10.01671,610.9087, 10.01705,0.1033138, 0, 29.4639, 0,0,0,0,0,10.01705, 0, 0,0, 0, 0, 0
10.01671,610.9088, 10.01705,0.08063047, 0, 28.16267, 0,0,0,0,0,10.01705, 0, 0,0, 0, 0, 0
10.01671,610.9089, 10.01705,0.1032778, 0, 27.18639, 0,0,0,0,0,10.01705, 0, 0,0, 0, 0, 0
10.01671,610.9091, 10.01705,1770785, 0, 29.52846, 0,0,1,0,0,10.01705, 0, 0,0, 0, 0, 0
10.01671,610.9092, 10.01705,0.0555237, 0, 27.18859, 0,0,0,0,0,10.01705, 0, 0,0, 0, 0, 0
10.01671,610.9093, 10.01705,1772067, 0, 28.09654, 0,0,0,0,0,10.01705, 0, 0,0, 0, 0, 0
10.01671,610.9094, 10.01705,0.1149335, 0, 27.72332, 0,0,0,0,0,10.01705, 0, 0,0, 0, 0, 0
10.01671,610.9096, 10.01705,0.09496046, 0, 32.12595, 0,0,0,0,0,10.01705, 0, 0,0, 0, 0, 0
10.01671,610.9097, 10.01705,0.09984571, 0, 30.04863, 0,0,0,0,0,10.01705, 0, 0,0, 0, 0, 0
10.01671,610.9099, 10.01705,0.08673251, 0, 26.7705, 0,0,0,0,0,10.01705, 0, 0,0, 0, 0, 0
10.01671,610.91, 10.01705,0.09981069, 0, 25.87999, 0,0,0,0,0,10.01705, 0, 0,0, 0, 0, 0
10.01671,610.9102, 10.01705,0.08971912, 0, 29.8702, 0,0,0,0,0,10.01705, 0, 0,0, 0, 0, 0
10.01671,610.9103, 10.01705,0.0867268, 0, 29.8825, 0,0,0,0,0,10.01705, 0, 0,0, 0, 0, 0
10.01671,610.9104, 10.01705,0.07375653, 0, 30.61717, 0,0,0,0,0,10.01705, 0, 0,0, 0, 0, 0
10.01671,610.9105, 10.01705,0.07378635, 0, 27.01423, 0,0,0,0,0,10.01705, 0, 0,0, 0, 0, 0
10.01671,610.9106, 10.01705,1772067, 0, 23.14548, 0,0,0,0,0,10.01705, 0, 0,0, 0, 0, 0
10.01671,610.9108, 10.01705,0.08674271, 0, 31.83346, 0,0,0,0,0,10.01705, 0, 0,0, 0, 0, 0
10.01671,610.9109, 10.01705,0.09705137, 0, 26.31252, 0,0,0,0,0,10.01705, 0, 0,0, 0, 0, 0
10.01671,610.9111, 10.01705,0.05552178, 0, 29.13384, 0,0,0,0,0,10.01705, 0, 0,0, 0, 0, 0
10.01671,610.9112, 10.01705,0.05552223, 0, 26.45502, 0,0,0,0,0,10.01705, 0, 0,0, 0, 0, 0
10.01671,610.9113, 10.01705,0.05553377, 0, 25.39984, 0,0,0,0,0,10.01705, 0, 0,0, 0, 0, 0
10.01671,610.9114, 10.01705,0.09166026, 0, 32.24453, 0,0,0,0,0,10.01705, 0, 0,0, 0, 0, 0
10.01671,610.9116, 10.01705,0.05553852, 0, 21.60952, 0,0,0,0,0,10.01705, 0, 0,0, 0, 0, 0
10.01671,610.9117, 10.01705,1772067, 0, 25.66014, 0,0,0,0,0,10.01705, 0, 0,0, 0, 0, 0
10.01671,610.9119, 10.01705,0.2607101, 0, 32.30902, 0,0,1,0,0,10.01705, 0, 0,0, 0, 0, 0
10.01671,610.912, 10.01705,0.09593028, 0, 26.25221, 0,0,0,0,0,10.01705, 0, 0,0, 0, 0, 0
10.01671,610.9121, 10.01705,0.07375768, 0, 32.01752, 0,0,0,0,0,10.01705, 0, 0,0, 0, 0, 0
10.01671,610.9123, 10.01705,0.2321956, 0, 29.52722, 0,0,0,0,0,10.01705, 0, 0,0, 0, 0, 0
10.01671,610.9124, 10.01705,0.1914834, 0, 28.05906, 0,0,0,0,0,10.01705, 0, 0,0, 0, 0, 0
10.01671,610.9125, 10.01705,0.08056048, 0, 23.92, 0,0,0,0,0,10.01705, 0, 0,0, 0, 0, 0
10.01671,610.9127, 10.01705,0.1137944, 0, 26.83256, 0,0,0,0,0,10.01705, 0, 0,0, 0, 0, 0
10.01671,610.9128, 10.01705,18.8214, 0, 29.5971, 0,0,1,0,0,10.01705, 0, 0,0, 0, 0, 0
10.01671,610.913, 10.01705,0.08107197, 0, 25.66879, 0,0,0,0,0,10.01705, 0, 0,0, 0, 0, 0
10.01671,610.9131, 10.01705,2.635035, 0, 27.7025, 0,0,10,0,0,10.01705, 0, 0,0, 0, 0, 0
10.01671,610.9132, 10.01705,0.07277818, 0, 27.11692, 0,0,0,0,0,10.01705, 0, 0,0, 0, 0, 0
10.01671,610.9133, 10.01705,0.07379602, 0, 29.51204, 0,0,0,0,0,10.01705, 0, 0,0, 0, 0, 0
10.01671,610.9135, 10.01705,1.977668, 0, 25.81752, 0,0,2,0,0,10.01705, 0, 0,0, 0, 0, 0
10.01671,610.9136, 10.01705,0.3287934, 0, 30.72959, 0,0,0,0,0,10.01705, 0, 0,0, 0, 0, 0
10.01671,610.9138, 10.01705,0.06232763, 0, 31.78775, 0,0,0,0,0,10.01705, 0, 0,0, 0, 0, 0
10.01671,610.9139, 10.01705,0.1124743, 0, 29.25497, 0,0,0,0,0,10.01705, 0, 0,0, 0, 0, 0
10.01671,610.914, 10.01705,0.08094028, 0, 27.83997, 0,0,0,0,0,10.01705, 0, 0,0, 0, 0, 0
10.01671,610.9141, 10.01705,4.721957, 0, 26.29113, 0,0,12,0,0,10.01705, 0, 0,0, 0, 0, 0
10.01671,610.9143, 10.01705,0.1155174, 0, 29.83265, 0,0,0,0,0,10.01705, 0, 0,0, 0, 0, 0
10.01671,610.9144, 10.01705,0.0998222, 0, 25.31314, 0,0,0,0,0,10.01705, 0, 0,0, 0, 0, 0
10.01671,610.9146, 10.01705,0.412675, 0, 27.43853, 0,0,0,0,0,10.01705, 0, 0,0, 0, 0, 0
10.01671,610.9147, 10.01705,14.48993, 0, 29.11102, 0,0,4,0,0,10.01705, 0, 0,0, 0, 0, 0
10.01671,610.9148, 10.01705,0.08061219, 0, 27.37746, 0,0,0,0,0,10.01705, 0, 0,0, 0, 0, 0
10.01671,610.915, 10.01705,0.08054438, 0, 27.93175, 0,0,0,0,0,10.01705, 0, 0,0, 0, 0, 0
10.01671,610.9151, 10.01705,0.09979744, 0, 25.30393, 0,0,0,0,0,10.01705, 0, 0,0, 0, 0, 0
